run_id,timestamp,district,url,status_code,schema_ok,record_count,file_size_kb,result,error,file_written,elapsed_sec
20251001033127,2025-10-01T03:31:29.172180,assembly,https://maps.lacity.org/lahub/rest/services/Boundaries/MapServer/2/query?where=1%3D1&outFields=*&outSR=4326&f=json,200,True,13,1960.63,success,,True,1.34
20251001033127,2025-10-01T03:31:30.485741,bids_city_clerk,https://services5.arcgis.com/7nsPwEMP38bSkCjy/arcgis/rest/services/Business_Improvement_Districts/FeatureServer/0/query?where=1%3D1&outFields=*&outSR=4326&f=json,200,True,42,1190.6,success,,True,1.31
20251001033127,2025-10-01T03:31:31.760305,city_council,https://maps.lacity.org/lahub/rest/services/Boundaries/MapServer/13/query?where=1%3D1&outFields=*&outSR=4326&f=json,200,True,15,3104.91,success,,True,1.27
20251001033127,2025-10-01T03:31:33.712867,congressional,https://arcgis.gis.lacounty.gov/arcgis/rest/services/LACounty_Dynamic/Political_Boundaries/MapServer/2/query?where=1%3D1&outFields=*&outSR=4326&f=json,200,True,18,6703.76,success,,True,1.95
20251001033127,2025-10-01T03:31:34.989320,neighborhood_council,https://services5.arcgis.com/7nsPwEMP38bSkCjy/arcgis/rest/services/Neighborhood_Council_Boundaries_(2018)/FeatureServer/0/query?where=1%3D1&outFields=*&outSR=4326&f=json,200,True,99,1009.81,success,,True,1.28
20251001033127,2025-10-01T03:31:35.943095,senate,https://maps.lacity.org/lahub/rest/services/Boundaries/MapServer/23/query?where=1%3D1&outFields=*&outSR=4326&f=json,200,True,6,1704.57,success,,True,0.95
20251001033127,2025-10-01T03:31:36.616732,supervisors,https://maps.lacity.org/lahub/rest/services/Boundaries/MapServer/4/query?where=1%3D1&outFields=*&outSR=4326&f=json,200,True,5,1199.21,success,,True,0.67
20251228203153,2025-12-28T20:32:13.392142,assembly,https://maps.lacity.org/lahub/rest/services/Boundaries/MapServer/2/query?where=1%3D1&outFields=*&outSR=4326&f=json,200,True,13,2042.28,success,,True,19.68
20251228203153,2025-12-28T20:32:14.034488,bids_city_clerk,https://services5.arcgis.com/7nsPwEMP38bSkCjy/arcgis/rest/services/Business_Improvement_Districts/FeatureServer/0/query?where=1%3D1&outFields=*&outSR=4326&f=json,,False,0,0,fail,"('Connection aborted.', ConnectionResetError(10054, 'An existing connection was forcibly closed by the remote host', None, 10054, None))",False,0.64
20251228203153,2025-12-28T20:32:15.895710,city_council,https://maps.lacity.org/lahub/rest/services/Boundaries/MapServer/13/query?where=1%3D1&outFields=*&outSR=4326&f=json,200,True,15,3234.22,success,,True,1.86
20251228203153,2025-12-28T20:32:18.514975,congressional,https://arcgis.gis.lacounty.gov/arcgis/rest/services/LACounty_Dynamic/Political_Boundaries/MapServer/2/query?where=1%3D1&outFields=*&outSR=4326&f=json,200,True,18,6983.0,success,,True,2.62
20251228203153,2025-12-28T20:32:19.130142,neighborhood_council,https://services5.arcgis.com/7nsPwEMP38bSkCjy/arcgis/rest/services/Neighborhood_Council_Boundaries_(2018)/FeatureServer/0/query?where=1%3D1&outFields=*&outSR=4326&f=json,,False,0,0,fail,"('Connection aborted.', ConnectionResetError(10054, 'An existing connection was forcibly closed by the remote host', None, 10054, None))",False,0.62
20251228203153,2025-12-28T20:32:20.966106,senate,https://maps.lacity.org/lahub/rest/services/Boundaries/MapServer/23/query?where=1%3D1&outFields=*&outSR=4326&f=json,200,True,6,1775.58,success,,True,1.83
20251228203153,2025-12-28T20:32:22.206077,supervisors,https://maps.lacity.org/lahub/rest/services/Boundaries/MapServer/4/query?where=1%3D1&outFields=*&outSR=4326&f=json,200,True,5,1249.17,success,,True,1.24
20260103045648,2026-01-03T04:56:59.007916,assembly,https://maps.lacity.org/lahub/rest/services/Boundaries/MapServer/2/query?where=1%3D1&outFields=*&outSR=4326&f=json,200,True,13,2042.28,success,,True,10.7
20260103045648,2026-01-03T04:57:08.237460,bids_city_clerk,https://services5.arcgis.com/7nsPwEMP38bSkCjy/arcgis/rest/services/Business_Improvement_Districts/FeatureServer/0/query?where=1%3D1&outFields=*&outSR=4326&f=json,200,True,42,1242.03,success,,True,9.23
20260103045648,2026-01-03T04:57:20.532714,city_council,https://maps.lacity.org/lahub/rest/services/Boundaries/MapServer/13/query?where=1%3D1&outFields=*&outSR=4326&f=json,200,True,15,3234.22,success,,True,12.29
20260103045648,2026-01-03T04:57:38.339768,congressional,https://arcgis.gis.lacounty.gov/arcgis/rest/services/LACounty_Dynamic/Political_Boundaries/MapServer/2/query?where=1%3D1&outFields=*&outSR=4326&f=json,200,True,18,6983.0,success,,True,17.79
20260103045648,2026-01-03T04:57:47.190859,neighborhood_council,https://services5.arcgis.com/7nsPwEMP38bSkCjy/arcgis/rest/services/Neighborhood_Council_Boundaries_(2018)/FeatureServer/0/query?where=1%3D1&outFields=*&outSR=4326&f=json,200,True,99,1056.83,success,,True,8.85
20260103045648,2026-01-03T04:57:56.651921,senate,https://maps.lacity.org/lahub/rest/services/Boundaries/MapServer/23/query?where=1%3D1&outFields=*&outSR=4326&f=json,200,True,6,1775.58,success,,True,9.46
20260103045648,2026-01-03T04:58:05.122580,supervisors,https://maps.lacity.org/lahub/rest/services/Boundaries/MapServer/4/query?where=1%3D1&outFields=*&outSR=4326&f=json,200,True,5,1249.17,success,,True,8.47
20260103050633,2026-01-03T05:06:45.703818,assembly,https://maps.lacity.org/lahub/rest/services/Boundaries/MapServer/2/query?where=1%3D1&outFields=*&outSR=4326&f=json,200,True,13,2042.28,success,,True,11.91
20260103050633,2026-01-03T05:06:54.824318,bids_city_clerk,https://services5.arcgis.com/7nsPwEMP38bSkCjy/arcgis/rest/services/Business_Improvement_Districts/FeatureServer/0/query?where=1%3D1&outFields=*&outSR=4326&f=json,200,True,42,1242.03,success,,True,9.12
20260103050633,2026-01-03T05:07:07.083922,city_council,https://maps.lacity.org/lahub/rest/services/Boundaries/MapServer/13/query?where=1%3D1&outFields=*&outSR=4326&f=json,200,True,15,3234.22,success,,True,12.26
20260103050633,2026-01-03T05:07:25.734639,congressional,https://arcgis.gis.lacounty.gov/arcgis/rest/services/LACounty_Dynamic/Political_Boundaries/MapServer/2/query?where=1%3D1&outFields=*&outSR=4326&f=json,200,True,18,6983.0,success,,True,18.65
20260103050633,2026-01-03T05:07:34.334825,neighborhood_council,https://services5.arcgis.com/7nsPwEMP38bSkCjy/arcgis/rest/services/Neighborhood_Council_Boundaries_(2018)/FeatureServer/0/query?where=1%3D1&outFields=*&outSR=4326&f=json,200,True,99,1056.83,success,,True,8.6
20260103050633,2026-01-03T05:07:44.202362,senate,https://maps.lacity.org/lahub/rest/services/Boundaries/MapServer/23/query?where=1%3D1&outFields=*&outSR=4326&f=json,200,True,6,1775.58,success,,True,9.86
20260103050633,2026-01-03T05:07:52.692908,supervisors,https://maps.lacity.org/lahub/rest/services/Boundaries/MapServer/4/query?where=1%3D1&outFields=*&outSR=4326&f=json,200,True,5,1249.17,success,,True,8.49
20260103052723,2026-01-03T05:27:32.498414,assembly,https://maps.lacity.org/lahub/rest/services/Boundaries/MapServer/2/query?where=1%3D1&outFields=*&outSR=4326&f=json,200,True,13,2042.28,success,,True,9.0
20260103052723,2026-01-03T05:27:40.342712,bids_city_clerk,https://services5.arcgis.com/7nsPwEMP38bSkCjy/arcgis/rest/services/Business_Improvement_Districts/FeatureServer/0/query?where=1%3D1&outFields=*&outSR=4326&f=json,200,True,42,1242.03,success,,True,7.84
20260103052723,2026-01-03T05:27:51.144852,city_council,https://maps.lacity.org/lahub/rest/services/Boundaries/MapServer/13/query?where=1%3D1&outFields=*&outSR=4326&f=json,200,True,15,3234.22,success,,True,10.8
20260103052723,2026-01-03T05:28:07.357951,congressional,https://arcgis.gis.lacounty.gov/arcgis/rest/services/LACounty_Dynamic/Political_Boundaries/MapServer/2/query?where=1%3D1&outFields=*&outSR=4326&f=json,200,True,18,6983.0,success,,True,16.21
20260103052723,2026-01-03T05:28:15.290641,neighborhood_council,https://services5.arcgis.com/7nsPwEMP38bSkCjy/arcgis/rest/services/Neighborhood_Council_Boundaries_(2018)/FeatureServer/0/query?where=1%3D1&outFields=*&outSR=4326&f=json,200,True,99,1056.83,success,,True,7.93
20260103052723,2026-01-03T05:28:23.789106,senate,https://maps.lacity.org/lahub/rest/services/Boundaries/MapServer/23/query?where=1%3D1&outFields=*&outSR=4326&f=json,200,True,6,1775.58,success,,True,8.5
20260103052723,2026-01-03T05:28:31.538206,supervisors,https://maps.lacity.org/lahub/rest/services/Boundaries/MapServer/4/query?where=1%3D1&outFields=*&outSR=4326&f=json,200,True,5,1249.17,success,,True,7.75
